train_acc,train_f1,train_loss,test_acc,test_f1,test_loss
0.9999148182905968,0.9992567569722896,0.015910815539364142,0.9421164983487292,0.005264196880963348,0.5017946464160565
