fold,epoch,train_loss,train_acc,val_acc,f1_score
0,1,0.2411730570300674,0.4988916374235364,0.0730266144006602,0.13611333292315267
0,2,0.23863540580963083,0.500329824157702,0.0730266144006602,0.13611333292315267
0,3,0.23844581068516685,0.5004928186542408,0.0730266144006602,0.13611333292315267
