test_acc,test_f1,test_loss
0.7707133128850557,0.18945178348748656,0.9987436086171797
