train_acc,train_f1,train_loss,test_acc,test_f1,test_loss
0.8594333421714938,0.3992811064139607,0.3813487029841168,0.8584226997640941,0.39515822328301836,0.38250164657409735
