fold,best_threshold,f1,precision,recall
0,0.67823803,0.5434596931500756,0.6176438275899953,0.48518497209596684
1,0.46504313,0.5390190089918817,0.6005937025126339,0.48889592083309363
2,0.38000742,0.5308017329977451,0.5497811478947044,0.5130890052356021
3,0.38471738,0.5311521553395951,0.5826293014630126,0.48803290949887806
4,0.45569438,0.5468696011922768,0.6015603424468379,0.5012945170013233
