test_acc,test_f1,test_loss
0.7920896856926194,0.24660099936428947,0.4821662281338851
