train_acc,train_f1,train_loss,test_acc,test_f1,test_loss
0.9998392247794905,0.998598929301103,0.01827460791924053,0.9746550816461534,0.7209840663704105,0.09112051742586764
