train_acc,train_f1,train_loss,test_acc,test_f1,test_loss
0.9999211742759766,0.999289648359418,0.01673067167546314,0.9326980030861054,0.004408974215872307,0.4725190566961264
