fold,best_threshold,f1,precision,recall
0,0.792446,0.5464032630754181,0.6135239733390668,0.4925205684367988
1,0.8888646,0.5617663090309628,0.6369238623103851,0.5024739658247511
2,0.5540436,0.5577696561286832,0.6006970954356846,0.5205684367988033
3,0.5641926,0.5444790264637857,0.5967017519799773,0.5006616420228985
4,0.8125975,0.5457261783413005,0.6097457025145617,0.4938726195270698
