test_acc,test_f1,test_loss
0.7669745847891638,0.1129226216939122,1.1767591541724622
