train_acc,train_f1,train_loss,test_acc,test_f1,test_loss
0.7528439755145863,0.17064123082945015,1.200490387007835,0.7530877272148218,0.17073811941667996,1.199381101346784
