test_acc,test_f1,test_loss
0.8112707605418082,0.17568652373147808,0.4444560057457128
